<?xml version="1.0" encoding="UTF-8"?>
<project-private xmlns="http://www.netbeans.org/ns/project-private/1">
    <editor-bookmarks xmlns="http://www.netbeans.org/ns/editor-bookmarks/2" lastBookmarkId="0"/>
    <open-files xmlns="http://www.netbeans.org/ns/projectui-open-files/2">
        <group>
            <file>file:/C:/Users/Andrei/Downloads/TrainManagementApp/web/viewStationStatus.jsp</file>
            <file>file:/C:/Users/Andrei/Downloads/TrainManagementApp/src/java/TrainManagement/Salary.java</file>
            <file>file:/C:/Users/Andrei/Downloads/TrainManagementApp/src/java/TrainManagement/Drivers.java</file>
            <file>file:/C:/Users/Andrei/Downloads/TrainManagementApp/web/add_StationStatusProcessing.jsp</file>
            <file>file:/C:/Users/Andrei/Downloads/TrainManagementApp/web/add_TrainStatusLogProcessing.jsp</file>
            <file>file:/C:/Users/Andrei/Downloads/TrainManagementApp/web/front_trainStatusLog.html</file>
            <file>file:/C:/Users/Andrei/Downloads/TrainManagementApp/src/java/TrainManagement/TrainStatus.java</file>
            <file>file:/C:/Users/Andrei/Downloads/TrainManagementApp/web/addTrainStatusLog.html</file>
            <file>file:/C:/Users/Andrei/Downloads/TrainManagementApp/web/index.html</file>
            <file>file:/C:/Users/Andrei/Downloads/TrainManagementApp/src/java/TrainManagement/MySql.java</file>
            <file>file:/C:/Users/Andrei/Downloads/TrainManagementApp/web/viewTrainStatusLog.jsp</file>
        </group>
    </open-files>
</project-private>
