<?xml version="1.0" encoding="UTF-8"?>
<project-private xmlns="http://www.netbeans.org/ns/project-private/1">
    <editor-bookmarks xmlns="http://www.netbeans.org/ns/editor-bookmarks/2" lastBookmarkId="0"/>
    <open-files xmlns="http://www.netbeans.org/ns/projectui-open-files/2">
        <group>
            <file>file:/C:/Users/Andrei/Downloads/TrainManagementApp/web/front_trainDriverLog.html</file>
            <file>file:/C:/Users/Andrei/Downloads/TrainManagementApp/web/delete_TrainDriverLogProcessing.jsp</file>
            <file>file:/C:/Users/Andrei/Downloads/TrainManagementApp/web/viewTrains.jsp</file>
            <file>file:/C:/Users/Andrei/Downloads/TrainManagementApp/web/view_TrainReport.jsp</file>
            <file>file:/C:/Users/Andrei/Downloads/TrainManagementApp/web/view_StationReport.jsp</file>
            <file>file:/C:/Users/Andrei/Downloads/TrainManagementApp/web/add_TrainDriverLogProcessing.jsp</file>
            <file>file:/C:/Users/Andrei/Downloads/TrainManagementApp/web/deleteTrainDriverLog.html</file>
            <file>file:/C:/Users/Andrei/Downloads/TrainManagementApp/web/updateTrainDriverLog.html</file>
            <file>file:/C:/Users/Andrei/Downloads/TrainManagementApp/web/update_TrainDriverLogProcessing.jsp</file>
            <file>file:/C:/Users/Andrei/Downloads/TrainManagementApp/src/java/TrainManagement/Report.java</file>
            <file>file:/C:/Users/Andrei/Downloads/TrainManagementApp/src/java/TrainManagement/TrainStatus.java</file>
            <file>file:/C:/Users/Andrei/Downloads/TrainManagementApp/web/viewDrivers.jsp</file>
            <file>file:/C:/Users/Andrei/Downloads/TrainManagementApp/web/deleteTrainStatus.html</file>
            <file>file:/C:/Users/Andrei/Downloads/TrainManagementApp/web/index.html</file>
            <file>file:/C:/Users/Andrei/Downloads/TrainManagementApp/src/java/TrainManagement/TrainDriverLog.java</file>
            <file>file:/C:/Users/Andrei/Downloads/TrainManagementApp/web/addTrainDriverLog.html</file>
        </group>
    </open-files>
</project-private>
